text,category
Money was deducted from my account but my order failed.,Payment
My payment failed at checkout.,Payment
I was charged twice for the same transaction.,Payment
Payment was declined by the payment gateway.,Payment
My credit card was debited but the order shows unpaid.,Payment
Debit card transaction failed with error code 102.,Payment
Why did my payment get declined today?,Payment
I see an unauthorized charge on my bank statement.,Payment
Payment went through but no confirmation email was sent.,Payment
The checkout page charged my card without placing order.,Payment
Amount deducted from bank account but order is pending.,Payment
Double charge noticed for invoice number 504.,Payment
Payment gateway timed out during processing.,Payment
My payment is showing as pending for over 24 hours.,Payment
Can I change my payment method for an active subscription?,Payment
How do I update my credit card details for billing?,Payment
Payment processor rejected my international Mastercard.,Payment
Why was I billed twice this month?,Payment
Money left my bank account but cart is still full.,Payment
Card verification failed during payment.,Payment
Transaction error: Insufficient funds even though balance exists.,Payment
I got charged an unexpected currency conversion fee.,Payment
Unable to complete payment using PayPal.,Payment
Google Pay transaction failed but amount deducted.,Payment
Apple Pay failed with an unknown error.,Payment
UPI payment deducted money but order page did not update.,Payment
Net banking session expired during payment.,Payment
Card details were entered correctly but payment failed.,Payment
Billing address mismatch error during checkout.,Payment
Can I split the payment between two credit cards?,Payment
Why did the subscription renew at a higher price?,Payment
Auto-debit happened even after I cancelled my membership.,Payment
Failed payment status is showing on my invoice.,Payment
Received an SMS that card was debited but no order number.,Payment
Payment is under review by fraud prevention system.,Payment
Credit card expired and transaction got declined.,Payment
My card was charged three times for one order.,Payment
Transaction declined by issuer bank.,Payment
Payment link sent to my email has expired.,Payment
Checkout page gave error 400 when processing card.,Payment
Why am I seeing extra taxes added to my final payment?,Payment
Payment confirmation receipt was not generated.,Payment
Unable to add new payment method in checkout.,Payment
Payment failed due to 3D Secure authentication timeout.,Payment
The discount coupon was not applied before payment deduction.,Payment
"Money deducted via debit card, order status says abandoned.",Payment
Payment gateway error: Merchant not authorized.,Payment
Duplicate transaction on credit card ending in 4112.,Payment
Bank debited amount twice for single purchase.,Payment
My payment method is blocked by your system.,Payment
CVV error displayed during credit card payment.,Payment
Can I pay via cash on delivery instead?,Payment
Payment gateway failed to redirect after PIN entry.,Payment
Invoice shows unpaid even though funds were transferred.,Payment
Billing cycle charged me two days early.,Payment
Pre-authorization hold is still showing on my credit card.,Payment
Payment page keeps refreshing without completing transaction.,Payment
Bank declined the transaction due to suspected security risk.,Payment
How can I download the payment receipt for my purchase?,Payment
Gift card balance was not deducted from total payment.,Payment
Wallet transaction failed but money is gone.,Payment
Payment failed on mobile app checkout.,Payment
Recurring payment failed for monthly plan.,Payment
Unexpected transaction fee on my bank statement.,Payment
Credit card chargeback inquiry for order 8841.,Payment
I have not received my refund yet.,Refund
Refund is still pending after 7 working days.,Refund
When will I get my refund for the cancelled order?,Refund
"I returned the defective item, where is my refund?",Refund
Only a partial refund was processed for my return.,Refund
The return package was delivered but refund is not credited.,Refund
How long does it take for a refund to show on credit card?,Refund
Refund status says completed but bank has no record of it.,Refund
"I cancelled my order within 10 minutes, request full refund.",Refund
"Customer support promised a refund yesterday, still not received.",Refund
Why was my refund amount less than the purchase price?,Refund
Can the refund be sent to a different bank account?,Refund
Need a refund because the product arrived broken.,Refund
"Order was cancelled by seller, where is my money back?",Refund
Item returned two weeks ago and no refund update received.,Refund
Refund reference ARN number is not recognized by my bank.,Refund
I want to return this product and get a complete refund.,Refund
Refund rejected without giving any clear explanation.,Refund
Money back guarantee claim for my purchase.,Refund
My refund check has not arrived in the mail.,Refund
I was promised a full reimbursement for return shipping costs.,Refund
Order cancellation confirmed but no refund notification.,Refund
When will the refunded amount reflect in my bank account?,Refund
Refund amount is missing the original shipping charge.,Refund
"Requested refund on Monday, today is Friday and nothing.",Refund
Can I get store credit instead of a refund back to my card?,Refund
"The refund email says processed, but balance is 0.",Refund
I did not receive the product and want my money back.,Refund
"Return accepted by warehouse, please initiate the refund.",Refund
Refund request status is still showing under review.,Refund
Need immediate refund for duplicate billing.,Refund
How many days will it take for refund to appear in my wallet?,Refund
Please expedite my refund as it has been over two weeks.,Refund
Refund voucher code is invalid and does not work.,Refund
"The refund was sent to an expired card, how can I get it?",Refund
Refund processing fee was deducted unfairly.,Refund
Why is refund taking longer than standard 3 to 5 business days?,Refund
I returned both items but refund was only given for one.,Refund
Please cancel my subscription and issue a prorated refund.,Refund
Refund discrepancy: charged 100 dollars but refunded 70.,Refund
Bank verified that no incoming refund transfer was initiated.,Refund
How do I check the progress of my refund request?,Refund
I want a refund because service was not delivered.,Refund
"Returned order #7712, awaiting refund confirmation.",Refund
"The return pickup was completed, when does refund initiate?",Refund
Refund delayed due to banking holidays.,Refund
Chargeback or direct refund: which one is faster?,Refund
I was given a refund receipt but the funds never arrived.,Refund
Please refund my annual subscription fee immediately.,Refund
"Original payment method is closed, where will refund go?",Refund
Refund rejected stating 30 day return window expired.,Refund
Why did my refund take 14 days to process?,Refund
I want to know if return postage is eligible for refund.,Refund
"Product was not as advertised, demanding full refund.",Refund
Cancellation refund not credited to my PayPal account.,Refund
Refund transaction reference ID needed for my bank inquiry.,Refund
Please reverse the payment and issue a refund.,Refund
The refund amount does not match the invoice total.,Refund
How do I dispute a denied refund request?,Refund
"Order returned via courier, please release my refund.",Refund
Awaiting refund notification after return approval.,Refund
Refund failed to deposit into my savings account.,Refund
Why is my refund still showing pending status?,Refund
Can I request a refund without the original receipt?,Refund
Partial refund issued but missing the restocking fee refund.,Refund
I cannot login to my account.,Account
I forgot my password and password reset email is not coming.,Account
My account has been locked due to too many failed attempts.,Account
How do I change my registered email address?,Account
I lost my phone and cannot receive two-factor authentication code.,Account
How do I permanently delete my account and user data?,Account
My account was suspended without any prior warning.,Account
Unable to change username in my account profile.,Account
Session keeps expiring every two minutes when I am logged in.,Account
How do I enable 2FA two factor authentication?,Account
I cannot reset my security questions.,Account
Account verification link in verification email is expired.,Account
Someone unauthorized tried to log into my account.,Account
How do I update my primary phone number on my profile?,Account
My account says user not found when I try to log in.,Account
Cannot switch between personal and business account profiles.,Account
Password reset link throws a 403 invalid token error.,Account
Need help unlocking my disabled user account.,Account
I did not receive the OTP SMS for logging in.,Account
How can I merge two accounts registered under different emails?,Account
Change of address in account profile is not saving.,Account
Received an email about password change that I did not request.,Account
Can I change my account display name?,Account
Unable to log in with Google OAuth single sign-on.,Account
Error saying account already exists with this email address.,Account
How do I reactivate my deactivated account?,Account
Where do I update my profile picture and contact details?,Account
Two factor SMS code never arrives on my mobile carrier.,Account
My account was flagged for suspicious activity incorrectly.,Account
I cannot log out of other active sessions remotely.,Account
Account settings page is inaccessible and displays an error.,Account
Need to transfer account ownership to a coworker.,Account
Old phone number is attached to account and I cannot log in.,Account
Login button does not respond when clicking submit.,Account
Email verification token expired before I opened the email.,Account
Can I change the email linked to my login credentials?,Account
Forgot my security PIN for secondary account verification.,Account
How do I download my personal data archive from my profile?,Account
My account has been banned and I want to appeal.,Account
Received notification of login from unknown IP address.,Account
Profile information shows wrong date of birth and country.,Account
Unable to unlink social media login from my account.,Account
"Account created with typo in email, cannot verify ownership.",Account
How do I update marketing email preferences in my profile?,Account
My user role was changed from admin to customer unexpectedly.,Account
Cannot authenticate using biometric fingerprint login.,Account
Lost access to authenticator app for 2FA verification.,Account
Please close my account and remove my personal details.,Account
Login says invalid credentials even though password is correct.,Account
Account lockout timer is not resetting after 30 minutes.,Account
How to recover account when primary email is no longer accessible?,Account
Is it possible to have multiple user profiles under one account?,Account
Need assistance with enterprise SSO login configuration.,Account
Captcha verification keeps failing during user login.,Account
My account dashboard is missing my previous history.,Account
Can I use an email alias for my login account?,Account
"Account deactivated due to inactivity, how to restore?",Account
Password requirements error: minimum characters not accepted.,Account
Where can I view active devices connected to my account?,Account
Unable to set up backup recovery codes for two factor auth.,Account
Terms of service agreement prompt prevents logging in.,Account
Account creation fails with validation error.,Account
Why is my account restricted from posting new messages?,Account
How do I change the language in my account preferences?,Account
User account details not syncing across mobile and web.,Account
The application is crashing every time I open it.,Technical
Website is not loading and gives a blank white screen.,Technical
I am getting an internal server error 500 when loading page.,Technical
The submit button is completely unresponsive when clicked.,Technical
Encountering error 404 page not found on checkout.,Technical
The mobile application freezes on the home screen.,Technical
Search bar does not return any results and spins forever.,Technical
Getting CORS cross origin resource sharing error in console.,Technical
The web page is extremely slow to load and times out.,Technical
Images and assets are failing to load across the dashboard.,Technical
JavaScript runtime exception uncaught TypeError in browser console.,Technical
Cannot upload file: error uploading attachment to ticket.,Technical
Database query timeout error displayed on user interface.,Technical
App crashes unexpectedly during navigation between tabs.,Technical
Form validation is broken and will not let me submit data.,Technical
Dropdown menu does not open when clicked on Safari browser.,Technical
SSL certificate warning shown when accessing the web portal.,Technical
Website layout is distorted and broken on Firefox browser.,Technical
App constantly shows offline mode even with strong Wi-Fi.,Technical
Getting 502 bad gateway error from your servers.,Technical
Infinite loading spinner on the tickets overview table.,Technical
File download generates a corrupted 0 KB file.,Technical
Session disconnects with network socket error code 1006.,Technical
The page keeps crashing with an out of memory error.,Technical
Push notifications are not arriving on Android app.,Technical
CSS stylesheets are not loading properly on the portal.,Technical
API endpoint returns 503 service unavailable response.,Technical
Audio or video player fails to initialize on web page.,Technical
App crashes upon granting camera permission on iOS.,Technical
Table pagination is broken and cannot view page 2.,Technical
Getting 400 bad request error when posting form.,Technical
Dark mode toggle causes elements to become invisible.,Technical
Filters are not working on the search results page.,Technical
Export to CSV feature throws an unhandled server error.,Technical
WebSocket connection drops frequently during active usage.,Technical
The website is not responsive on iPhone screen size.,Technical
Browser memory usage spikes to 100% when dashboard opens.,Technical
Icons and fonts are showing as broken squares or question marks.,Technical
Auto-save feature is failing and losing form input.,Technical
Application restarts automatically in background on Android.,Technical
Modal popup dialog cannot be closed or dismissed.,Technical
Screen goes black when attempting to play tutorial video.,Technical
Date picker widget is malfunctioning and selecting wrong dates.,Technical
Server returned invalid JSON format error.,Technical
Getting error 429 too many requests after a single refresh.,Technical
Drag and drop file upload component does not detect files.,Technical
App is stuck on splash screen and will not advance.,Technical
Rich text editor destroys markdown formatting upon saving.,Technical
Browser back button leads to an unhandled exception page.,Technical
Application is draining battery and overheating device.,Technical
Localization error: strings are displaying raw translation keys.,Technical
Copy to clipboard button fails to copy text.,Technical
Getting an unexpected error code 504 gateway timeout.,Technical
Mobile responsive navigation hamburger menu does not open.,Technical
PDF generator creates blank pages instead of document content.,Technical
App crashed during background sync operation.,Technical
Keyboard covers the input text field on mobile screen.,Technical
Infinite redirect loop between home page and login page.,Technical
Cookies not persisting across page navigation.,Technical
Webcam feed not recognized by browser application.,Technical
System error occurred while processing your request.,Technical
Network connection lost alert appears while internet is working.,Technical
UI elements overlapping each other on high DPI displays.,Technical
Failed to fetch error when loading user profile data.,Technical
Application requires update but app store shows latest version.,Technical
My order has not arrived yet.,Delivery
Where is my delivery? It was scheduled for yesterday.,Delivery
My package is delayed and tracking has not updated in 4 days.,Delivery
Tracking status says delivered but I never received the package.,Delivery
The package was delivered to the wrong address.,Delivery
Courier driver attempted delivery while nobody was home.,Delivery
Tracking number provided by email is marked invalid.,Delivery
Estimated delivery date keeps getting pushed back every day.,Delivery
My package arrived with significant damage to the outer box.,Delivery
Can I change the delivery address while order is in transit?,Delivery
Courier left the package outside in the rain and contents are ruined.,Delivery
Can I schedule delivery for a specific time slot on weekend?,Delivery
Package is stuck at regional logistics sorting facility.,Delivery
Shipment status says returned to sender without delivery attempt.,Delivery
The delivery agent refused to deliver to the 4th floor.,Delivery
Only one out of three packages was delivered today.,Delivery
How do I contact the local courier or delivery driver?,Delivery
Package shows out for delivery since 8 AM but never arrived.,Delivery
Signature was required but package was left on the doorstep.,Delivery
Need urgent delivery update for package with tracking ID 98231.,Delivery
Delivery van arrived but did not drop off my parcel.,Delivery
My item is lost in transit according to postal service.,Delivery
Why was my shipment rerouted to another distribution center?,Delivery
Can I hold the package for pickup at a local courier station?,Delivery
Delivery boy asked for extra cash to deliver the package.,Delivery
International shipment has been held by customs for two weeks.,Delivery
No tracking updates since the package left the merchant warehouse.,Delivery
Is it possible to expedite shipping to same day delivery?,Delivery
Package was marked undeliverable due to incomplete address.,Delivery
The delivery personnel was extremely rude during package drop-off.,Delivery
Courier claimed customer was not available but I was home all day.,Delivery
Package tracking shows clearance delay at port of entry.,Delivery
How do I provide gate code or special delivery instructions?,Delivery
Order shipped via wrong carrier than the one selected at checkout.,Delivery
"Delivery window was between 2 PM and 4 PM, now it is 7 PM.",Delivery
Can I request contact-less delivery for my upcoming package?,Delivery
Items were missing from inside the sealed delivery package.,Delivery
Postal carrier misdelivered the package to my neighbor.,Delivery
Why does tracking show package moving in the opposite direction?,Delivery
Package is marked as detained by inspection authorities.,Delivery
Where can I find the proof of delivery photo or signature?,Delivery
The delivery locker pin code was not sent to my phone.,Delivery
Shipment label was created three days ago but carrier has not picked up.,Delivery
Package arrived open and tampered with.,Delivery
Can I refuse delivery and have it returned directly?,Delivery
Parcel dispatched to wrong city sorting hub.,Delivery
Need to reschedule my delivery date to next Monday.,Delivery
"Courier service tracking website is down, where is my package?",Delivery
Tracking status states exception occurred during transit.,Delivery
Received somebody else's parcel instead of my order.,Delivery
Courier failed to call the contact number provided on the box.,Delivery
Order shipped 10 days ago with standard 3-day shipping.,Delivery
Is Sunday delivery available for my zip code?,Delivery
Package delayed due to adverse weather conditions in transit hub.,Delivery
Delivery vehicle broke down according to tracking notes.,Delivery
How do I file a lost shipment claim with the carrier?,Delivery
Tracking number is missing from my order confirmation page.,Delivery
"My order is divided into two shipments, where is the second part?",Delivery
Delivery notice card was left in mailbox without instructions.,Delivery
Can the courier leave the parcel with the apartment leasing office?,Delivery
Package shows delivered at front door but surveillance camera shows nothing.,Delivery
Driver marked address cannot be found on navigation map.,Delivery
What happens if I miss the third delivery attempt?,Delivery
Delivery partner tracking link is broken.,Delivery
Package arrived crushed and contents inside are shattered.,Delivery
Where is your company headquarters located?,Other
I am interested in partnership and business collaboration.,Other
Are you currently hiring software engineers or interns?,Other
Just wanted to send compliments to your customer care team.,Other
What are your standard business operating hours?,Other
Do you offer wholesale bulk pricing for retail stores?,Other
I have a press and media inquiry regarding an upcoming article.,Other
Where can I find your environmental sustainability report?,Other
Do you have affiliate or referral programs available?,Other
Would love to suggest a new feature idea for your product.,Other
What is your privacy policy regarding third party cookies?,Other
Can someone from management reach out for an interview?,Other
Do you provide sponsorship for student hackathons or conferences?,Other
Where can I read your terms and conditions documentation?,Other
Are your products cruelty-free and ethically sourced?,Other
"I love the new website design, great job to the design team!",Other
Do you have an office branch in London or Tokyo?,Other
Is there an official API available for third party developers?,Other
Can you provide a letter of recommendation for an internship?,Other
How can our non-profit organization apply for a discount?,Other
Do you sell physical gift cards in retail stores?,Other
Where can I read customer reviews and testimonials?,Other
Are your services compliant with GDPR and CCPA regulations?,Other
Who is the chief executive officer of your organization?,Other
I found a typo on your about us page in the third paragraph.,Other
Do you attend tech conferences like CES or AWS re:Invent?,Other
Can I submit a guest blog post for your engineering blog?,Other
Do you offer student or educator discounts on your products?,Other
We would like to invite your team to speak at our university panel.,Other
How did your company get its name?,Other
Is there a physical showroom where we can see the products?,Other
Can you send marketing brochures and product catalogs to our office?,Other
Do you have an open bug bounty program for security researchers?,Other
I am an investor interested in your latest funding round.,Other
Does your platform support accessibility standards like WCAG?,Other
Where can I submit feedback regarding my experience?,Other
Are there any upcoming community meetups or webinars?,Other
Can I license your trademark and logo for our student project?,Other
What is the history and founding story of this company?,Other
Do you have documentation for enterprise compliance audits?,Other
Is your customer service team based locally or offshore?,Other
Where can I find your annual corporate social responsibility report?,Other
I wanted to thank your support agent David for his exceptional help.,Other
Do you offer guided product demos for large teams?,Other
How do I unsubscribe from physical mail postal advertisements?,Other
Are there podcasts or videos discussing your engineering architecture?,Other
Can our startup integrate your solutions into our platform?,Other
Do you have reseller agreements for authorized distributors?,Other
I have general feedback about the color scheme of the app.,Other
Where is your copyright infringement DMCA notice policy?,Other
Can we schedule an informational interview with your product team?,Other
Do you offer veteran or military personnel discounts?,Other
Is your code repository open source on GitHub?,Other
How many employees currently work at your company?,Other
Do you provide certificates of completion for training courses?,Other
Can I pitch a marketing campaign proposal to your creative director?,Other
What security certifications does your data center hold?,Other
Do you support non-English customer support over the phone?,Other
Just checking in to say your service has made my workflow much easier.,Other
Where can I find press kits and official brand assets?,Other
Do you offer corporate gift baskets for corporate holidays?,Other
Can you provide an official proof of business registration document?,Other
Are there community forums or Discord channels for users?,Other
How often do you release new product versions and updates?,Other
General inquiry regarding your trade show booth schedule.,Other
